in_gene	out_gene	branch_support	ev_type	sos
Cowc_CAOG_07174	Fspp_ffun1_m4_29136_m1	40.0	S	0.0
Cowc_CAOG_07174	Fspp_ffun1_m4_1651_m1	40.0	S	0.0
Cowc_CAOG_07174	Adig_XP_015769133.1	40.0	S	0.0
Cowc_CAOG_07174	Gfas_gfas1.m1.19094.m1	40.0	S	0.0
Cowc_CAOG_07174	Spis_XP_022791124_1	40.0	S	0.0
Cowc_CAOG_07174	Gasp_gasp1.m3.12145.m1	40.0	S	0.0
Cowc_CAOG_07174	Spis_XP_022791127_1	40.0	S	0.0
Cowc_CAOG_07174	Gasp_gasp1.m3.15100.m1	40.0	S	0.0
Cowc_CAOG_07174	Gasp_gasp1.m3.12148.m1	40.0	S	0.0
Hhon_g08089_t1	Fspp_ffun1_m4_29136_m1	40.0	S	0.0
Hhon_g08089_t1	Fspp_ffun1_m4_1651_m1	40.0	S	0.0
Hhon_g08089_t1	Adig_XP_015769133.1	40.0	S	0.0
Hhon_g08089_t1	Gfas_gfas1.m1.19094.m1	40.0	S	0.0
Hhon_g08089_t1	Spis_XP_022791124_1	40.0	S	0.0
Hhon_g08089_t1	Gasp_gasp1.m3.12145.m1	40.0	S	0.0
Hhon_g08089_t1	Spis_XP_022791127_1	40.0	S	0.0
Hhon_g08089_t1	Gasp_gasp1.m3.15100.m1	40.0	S	0.0
Hhon_g08089_t1	Gasp_gasp1.m3.12148.m1	40.0	S	0.0
Smed_dd_Smed_v6_1864_0	Fspp_ffun1_m4_29136_m1	40.0	S	0.0
Smed_dd_Smed_v6_1864_0	Fspp_ffun1_m4_1651_m1	40.0	S	0.0
Smed_dd_Smed_v6_1864_0	Adig_XP_015769133.1	40.0	S	0.0
Smed_dd_Smed_v6_1864_0	Gfas_gfas1.m1.19094.m1	40.0	S	0.0
Smed_dd_Smed_v6_1864_0	Spis_XP_022791124_1	40.0	S	0.0
Smed_dd_Smed_v6_1864_0	Gasp_gasp1.m3.12145.m1	40.0	S	0.0
Smed_dd_Smed_v6_1864_0	Spis_XP_022791127_1	40.0	S	0.0
Smed_dd_Smed_v6_1864_0	Gasp_gasp1.m3.15100.m1	40.0	S	0.0
Smed_dd_Smed_v6_1864_0	Gasp_gasp1.m3.12148.m1	40.0	S	0.0
Sros_PTSG_03707	Fspp_ffun1_m4_29136_m1	40.0	S	0.0
Sros_PTSG_03707	Fspp_ffun1_m4_1651_m1	40.0	S	0.0
Sros_PTSG_03707	Adig_XP_015769133.1	40.0	S	0.0
Sros_PTSG_03707	Gfas_gfas1.m1.19094.m1	40.0	S	0.0
Sros_PTSG_03707	Spis_XP_022791124_1	40.0	S	0.0
Sros_PTSG_03707	Gasp_gasp1.m3.12145.m1	40.0	S	0.0
Sros_PTSG_03707	Spis_XP_022791127_1	40.0	S	0.0
Sros_PTSG_03707	Gasp_gasp1.m3.15100.m1	40.0	S	0.0
Sros_PTSG_03707	Gasp_gasp1.m3.12148.m1	40.0	S	0.0
Sros_PTSG_00681	Fspp_ffun1_m4_29136_m1	40.0	S	0.0
Sros_PTSG_00681	Fspp_ffun1_m4_1651_m1	40.0	S	0.0
Sros_PTSG_00681	Adig_XP_015769133.1	40.0	S	0.0
Sros_PTSG_00681	Gfas_gfas1.m1.19094.m1	40.0	S	0.0
Sros_PTSG_00681	Spis_XP_022791124_1	40.0	S	0.0
Sros_PTSG_00681	Gasp_gasp1.m3.12145.m1	40.0	S	0.0
Sros_PTSG_00681	Spis_XP_022791127_1	40.0	S	0.0
Sros_PTSG_00681	Gasp_gasp1.m3.15100.m1	40.0	S	0.0
Sros_PTSG_00681	Gasp_gasp1.m3.12148.m1	40.0	S	0.0
Pbac_sb2668191	Fspp_ffun1_m4_29136_m1	40.0	S	0.0
Pbac_sb2668191	Fspp_ffun1_m4_1651_m1	40.0	S	0.0
Pbac_sb2668191	Adig_XP_015769133.1	40.0	S	0.0
Pbac_sb2668191	Gfas_gfas1.m1.19094.m1	40.0	S	0.0
Pbac_sb2668191	Spis_XP_022791124_1	40.0	S	0.0
Pbac_sb2668191	Gasp_gasp1.m3.12145.m1	40.0	S	0.0
Pbac_sb2668191	Spis_XP_022791127_1	40.0	S	0.0
Pbac_sb2668191	Gasp_gasp1.m3.15100.m1	40.0	S	0.0
Pbac_sb2668191	Gasp_gasp1.m3.12148.m1	40.0	S	0.0
Sros_PTSG_04825	Fspp_ffun1_m4_29136_m1	40.0	S	0.0
Sros_PTSG_04825	Fspp_ffun1_m4_1651_m1	40.0	S	0.0
Sros_PTSG_04825	Adig_XP_015769133.1	40.0	S	0.0
Sros_PTSG_04825	Gfas_gfas1.m1.19094.m1	40.0	S	0.0
Sros_PTSG_04825	Spis_XP_022791124_1	40.0	S	0.0
Sros_PTSG_04825	Gasp_gasp1.m3.12145.m1	40.0	S	0.0
Sros_PTSG_04825	Spis_XP_022791127_1	40.0	S	0.0
Sros_PTSG_04825	Gasp_gasp1.m3.15100.m1	40.0	S	0.0
Sros_PTSG_04825	Gasp_gasp1.m3.12148.m1	40.0	S	0.0
Tadh_P60298	Fspp_ffun1_m4_29136_m1	40.0	S	0.0
Tadh_P60298	Fspp_ffun1_m4_1651_m1	40.0	S	0.0
Tadh_P60298	Adig_XP_015769133.1	40.0	S	0.0
Tadh_P60298	Gfas_gfas1.m1.19094.m1	40.0	S	0.0
Tadh_P60298	Spis_XP_022791124_1	40.0	S	0.0
Tadh_P60298	Gasp_gasp1.m3.12145.m1	40.0	S	0.0
Tadh_P60298	Spis_XP_022791127_1	40.0	S	0.0
Tadh_P60298	Gasp_gasp1.m3.15100.m1	40.0	S	0.0
Tadh_P60298	Gasp_gasp1.m3.12148.m1	40.0	S	0.0
Mlei_ML3055_g29_t1	Fspp_ffun1_m4_29136_m1	40.0	S	0.0
Mlei_ML3055_g29_t1	Fspp_ffun1_m4_1651_m1	40.0	S	0.0
Mlei_ML3055_g29_t1	Adig_XP_015769133.1	40.0	S	0.0
Mlei_ML3055_g29_t1	Gfas_gfas1.m1.19094.m1	40.0	S	0.0
Mlei_ML3055_g29_t1	Spis_XP_022791124_1	40.0	S	0.0
Mlei_ML3055_g29_t1	Gasp_gasp1.m3.12145.m1	40.0	S	0.0
Mlei_ML3055_g29_t1	Spis_XP_022791127_1	40.0	S	0.0
Mlei_ML3055_g29_t1	Gasp_gasp1.m3.15100.m1	40.0	S	0.0
Mlei_ML3055_g29_t1	Gasp_gasp1.m3.12148.m1	40.0	S	0.0
Hhon_g08089_t1	Cowc_CAOG_07174	70.0	S	0.0
Hhon_g08089_t1	Smed_dd_Smed_v6_1864_0	70.0	S	0.0
Hhon_g08089_t1	Sros_PTSG_03707	70.0	S	0.0
Hhon_g08089_t1	Sros_PTSG_00681	70.0	S	0.0
Hhon_g08089_t1	Pbac_sb2668191	70.0	S	0.0
Hhon_g08089_t1	Sros_PTSG_04825	70.0	S	0.0
Hhon_g08089_t1	Mlei_ML3055_g29_t1	70.0	S	0.0
Tadh_P60298	Cowc_CAOG_07174	70.0	S	0.0
Tadh_P60298	Smed_dd_Smed_v6_1864_0	70.0	S	0.0
Tadh_P60298	Sros_PTSG_03707	70.0	S	0.0
Tadh_P60298	Sros_PTSG_00681	70.0	S	0.0
Tadh_P60298	Pbac_sb2668191	70.0	S	0.0
Tadh_P60298	Sros_PTSG_04825	70.0	S	0.0
Tadh_P60298	Mlei_ML3055_g29_t1	70.0	S	0.0
Nvec_v1g86952	Gfas_gfas1.m1.19096.m1	67.0	S	0.0
Nvec_v1g86952	Spis_XP_022791128_1	67.0	S	0.0
Nvec_v1g86952	Fspp_ffun1_m4_29137_m1	67.0	S	0.0
Nvec_v1g86952	Fspp_ffun1_m4_1650_m1	67.0	S	0.0
Nvec_v1g86952	Fspp_ffun1_m4_1649_m1	67.0	S	0.0
Nvec_v1g86952	Adig_XP_015777100.1	67.0	S	0.0
Nvec_v1g86952	Spis_XP_022791098_1	67.0	S	0.0
Nvec_v1g86952	Gfas_gfas1.m1.300.m1	67.0	S	0.0
Nvec_v1g86952	Gasp_gasp1.m3.8586.m1	67.0	S	0.0
Nvec_v1g86952	Adig_XP_015769153.1	67.0	S	0.0
Nvec_v1g86952	Fspp_ffun1_m4_1644_m1	67.0	S	0.0
Nvec_v1g86952	Gasp_gasp1.m3.12142.m1	67.0	S	0.0
Nvec_v1g86952	Gasp_gasp1.m3.12147.m1	67.0	S	0.0
Nvec_v1g86952	Gasp_gasp1.m3.12143.m1	67.0	S	0.0
Nvec_v1g86952	Gasp_gasp1.m3.12144.m1	67.0	S	0.0
Nvec_v1g86952	Gfas_gfas1.m1.306.m1	67.0	S	0.0
Nvec_v1g86952	Fspp_ffun1_m4_1643_m1	67.0	S	0.0
Nvec_v1g86952	Gfas_gfas1.m1.19095.m1	67.0	S	0.0
Nvec_v1g86952	Fspp_ffun1_m4_1653_m1	67.0	S	0.0
Nvec_v1g86952	Gasp_gasp1.m3.12146.m1	67.0	S	0.0
Nvec_v1g86952	Adig_XP_015769134.1	67.0	S	0.0
Nvec_v1g86952	Fspp_ffun1_m4_1642_m1	67.0	S	0.0
Nvec_v1g86952	Adig_XP_015769152.1	67.0	S	0.0
Nvec_v1g86952	Spis_XP_022791102_1	67.0	S	0.0
Nvec_v1g86952	Gfas_gfas1.m1.301.m1	67.0	S	0.0
Nvec_v1g86952	Gasp_gasp1.m3.15101.m1	67.0	S	0.0
Nvec_v1g86952	Spis_XP_022791093_1	67.0	S	0.0
Nvec_v1g86952	Spis_XP_022794205_1	67.0	S	0.0
Nvec_v1g18367	Gfas_gfas1.m1.19096.m1	67.0	S	0.0
Nvec_v1g18367	Spis_XP_022791128_1	67.0	S	0.0
Nvec_v1g18367	Fspp_ffun1_m4_29137_m1	67.0	S	0.0
Nvec_v1g18367	Fspp_ffun1_m4_1650_m1	67.0	S	0.0
Nvec_v1g18367	Fspp_ffun1_m4_1649_m1	67.0	S	0.0
Nvec_v1g18367	Adig_XP_015777100.1	67.0	S	0.0
Nvec_v1g18367	Spis_XP_022791098_1	67.0	S	0.0
Nvec_v1g18367	Gfas_gfas1.m1.300.m1	67.0	S	0.0
Nvec_v1g18367	Gasp_gasp1.m3.8586.m1	67.0	S	0.0
Nvec_v1g18367	Adig_XP_015769153.1	67.0	S	0.0
Nvec_v1g18367	Fspp_ffun1_m4_1644_m1	67.0	S	0.0
Nvec_v1g18367	Gasp_gasp1.m3.12142.m1	67.0	S	0.0
Nvec_v1g18367	Gasp_gasp1.m3.12147.m1	67.0	S	0.0
Nvec_v1g18367	Gasp_gasp1.m3.12143.m1	67.0	S	0.0
Nvec_v1g18367	Gasp_gasp1.m3.12144.m1	67.0	S	0.0
Nvec_v1g18367	Gfas_gfas1.m1.306.m1	67.0	S	0.0
Nvec_v1g18367	Fspp_ffun1_m4_1643_m1	67.0	S	0.0
Nvec_v1g18367	Gfas_gfas1.m1.19095.m1	67.0	S	0.0
Nvec_v1g18367	Fspp_ffun1_m4_1653_m1	67.0	S	0.0
Nvec_v1g18367	Gasp_gasp1.m3.12146.m1	67.0	S	0.0
Nvec_v1g18367	Adig_XP_015769134.1	67.0	S	0.0
Nvec_v1g18367	Fspp_ffun1_m4_1642_m1	67.0	S	0.0
Nvec_v1g18367	Adig_XP_015769152.1	67.0	S	0.0
Nvec_v1g18367	Spis_XP_022791102_1	67.0	S	0.0
Nvec_v1g18367	Gfas_gfas1.m1.301.m1	67.0	S	0.0
Nvec_v1g18367	Gasp_gasp1.m3.15101.m1	67.0	S	0.0
Nvec_v1g18367	Spis_XP_022791093_1	67.0	S	0.0
Nvec_v1g18367	Spis_XP_022794205_1	67.0	S	0.0
Hhon_g08089_t1	Tadh_P60298	100.0	S	0.0
Sros_PTSG_03707	Cowc_CAOG_07174	53.0	S	0.0
Sros_PTSG_03707	Mlei_ML3055_g29_t1	53.0	S	0.0
Sros_PTSG_03707	Pbac_sb2668191	53.0	S	0.0
Sros_PTSG_03707	Smed_dd_Smed_v6_1864_0	53.0	S	0.0
Sros_PTSG_04825	Cowc_CAOG_07174	53.0	S	0.0
Sros_PTSG_04825	Mlei_ML3055_g29_t1	53.0	S	0.0
Sros_PTSG_04825	Pbac_sb2668191	53.0	S	0.0
Sros_PTSG_04825	Smed_dd_Smed_v6_1864_0	53.0	S	0.0
Sros_PTSG_00681	Cowc_CAOG_07174	53.0	S	0.0
Sros_PTSG_00681	Mlei_ML3055_g29_t1	53.0	S	0.0
Sros_PTSG_00681	Pbac_sb2668191	53.0	S	0.0
Sros_PTSG_00681	Smed_dd_Smed_v6_1864_0	53.0	S	0.0
Gfas_gfas1.m1.19094.m1	Gasp_gasp1.m3.15100.m1	100.0	S	0.0
Gfas_gfas1.m1.19094.m1	Fspp_ffun1_m4_29136_m1	100.0	S	0.0
Adig_XP_015769133.1	Fspp_ffun1_m4_1651_m1	100.0	S	0.0
Adig_XP_015769133.1	Spis_XP_022791124_1	100.0	S	0.0
Adig_XP_015769133.1	Gasp_gasp1.m3.12145.m1	100.0	S	0.0
Adig_XP_015769133.1	Spis_XP_022791127_1	100.0	S	0.0
Adig_XP_015769133.1	Gasp_gasp1.m3.12148.m1	100.0	S	0.0
Morvir_scaffold205.g15.t1	Nvec_v1g118896	50.0	S	0.0
Morvir_scaffold205.g15.t1	Adig_XP_015773566.1	50.0	S	0.0
Morvir_scaffold205.g15.t1	Smed_dd_Smed_v6_10446_0	50.0	S	0.0
Morvir_scaffold205.g15.t1	Fspp_ffun1_m4_16723_m1	50.0	S	0.0
Morvir_scaffold205.g15.t1	Tadh_P52591	50.0	S	0.0
Morvir_scaffold205.g15.t1	Hhon_g05306_t1	50.0	S	0.0
Morvir_scaffold205.g15.t1	Xesp_022647	50.0	S	0.0
Morvir_scaffold205.g15.t1	Spis_XP_022794775_1	50.0	S	0.0
Morvir_scaffold205.g15.t1	Xesp_003756	50.0	S	0.0
Morvir_scaffold205.g15.t1	Xesp_005274	50.0	S	0.0
Morvir_scaffold205.g15.t1	Xesp_022606	50.0	S	0.0
Morvir_scaffold205.g15.t1	Gasp_gasp1.m3.24072.m1	50.0	S	0.0
Morvir_scaffold205.g15.t1	Exapal_XP_020904685.1	50.0	S	0.0
Morvir_scaffold205.g15.t1	Dgig_XP_028394891.1	50.0	S	0.0
Morvir_scaffold205.g15.t1	Dgig_XP_028410891.1	50.0	S	0.0
Morvir_scaffold205.g15.t1	Dgig_XP_028410113.1	50.0	S	0.0
Morvir_scaffold205.g15.t1	Gfas_gfas1.m1.7764.m1	50.0	S	0.0
Emue_0018g91a	Nvec_v1g118896	50.0	S	0.0
Emue_0018g91a	Adig_XP_015773566.1	50.0	S	0.0
Emue_0018g91a	Smed_dd_Smed_v6_10446_0	50.0	S	0.0
Emue_0018g91a	Fspp_ffun1_m4_16723_m1	50.0	S	0.0
Emue_0018g91a	Tadh_P52591	50.0	S	0.0
Emue_0018g91a	Hhon_g05306_t1	50.0	S	0.0
Emue_0018g91a	Xesp_022647	50.0	S	0.0
Emue_0018g91a	Spis_XP_022794775_1	50.0	S	0.0
Emue_0018g91a	Xesp_003756	50.0	S	0.0
Emue_0018g91a	Xesp_005274	50.0	S	0.0
Emue_0018g91a	Xesp_022606	50.0	S	0.0
Emue_0018g91a	Gasp_gasp1.m3.24072.m1	50.0	S	0.0
Emue_0018g91a	Exapal_XP_020904685.1	50.0	S	0.0
Emue_0018g91a	Dgig_XP_028394891.1	50.0	S	0.0
Emue_0018g91a	Dgig_XP_028410891.1	50.0	S	0.0
Emue_0018g91a	Dgig_XP_028410113.1	50.0	S	0.0
Emue_0018g91a	Gfas_gfas1.m1.7764.m1	50.0	S	0.0
Scil_67478	Nvec_v1g118896	50.0	S	0.0
Scil_67478	Adig_XP_015773566.1	50.0	S	0.0
Scil_67478	Smed_dd_Smed_v6_10446_0	50.0	S	0.0
Scil_67478	Fspp_ffun1_m4_16723_m1	50.0	S	0.0
Scil_67478	Tadh_P52591	50.0	S	0.0
Scil_67478	Hhon_g05306_t1	50.0	S	0.0
Scil_67478	Xesp_022647	50.0	S	0.0
Scil_67478	Spis_XP_022794775_1	50.0	S	0.0
Scil_67478	Xesp_003756	50.0	S	0.0
Scil_67478	Xesp_005274	50.0	S	0.0
Scil_67478	Xesp_022606	50.0	S	0.0
Scil_67478	Gasp_gasp1.m3.24072.m1	50.0	S	0.0
Scil_67478	Exapal_XP_020904685.1	50.0	S	0.0
Scil_67478	Dgig_XP_028394891.1	50.0	S	0.0
Scil_67478	Dgig_XP_028410891.1	50.0	S	0.0
Scil_67478	Dgig_XP_028410113.1	50.0	S	0.0
Scil_67478	Gfas_gfas1.m1.7764.m1	50.0	S	0.0
Aaur_Seg2179_2	Nvec_v1g118896	50.0	S	0.0
Aaur_Seg2179_2	Adig_XP_015773566.1	50.0	S	0.0
Aaur_Seg2179_2	Smed_dd_Smed_v6_10446_0	50.0	S	0.0
Aaur_Seg2179_2	Fspp_ffun1_m4_16723_m1	50.0	S	0.0
Aaur_Seg2179_2	Tadh_P52591	50.0	S	0.0
Aaur_Seg2179_2	Hhon_g05306_t1	50.0	S	0.0
Aaur_Seg2179_2	Xesp_022647	50.0	S	0.0
Aaur_Seg2179_2	Spis_XP_022794775_1	50.0	S	0.0
Aaur_Seg2179_2	Xesp_003756	50.0	S	0.0
Aaur_Seg2179_2	Xesp_005274	50.0	S	0.0
Aaur_Seg2179_2	Xesp_022606	50.0	S	0.0
Aaur_Seg2179_2	Gasp_gasp1.m3.24072.m1	50.0	S	0.0
Aaur_Seg2179_2	Exapal_XP_020904685.1	50.0	S	0.0
Aaur_Seg2179_2	Dgig_XP_028394891.1	50.0	S	0.0
Aaur_Seg2179_2	Dgig_XP_028410891.1	50.0	S	0.0
Aaur_Seg2179_2	Dgig_XP_028410113.1	50.0	S	0.0
Aaur_Seg2179_2	Gfas_gfas1.m1.7764.m1	50.0	S	0.0
Aque_18822_001	Nvec_v1g118896	50.0	S	0.0
Aque_18822_001	Adig_XP_015773566.1	50.0	S	0.0
Aque_18822_001	Smed_dd_Smed_v6_10446_0	50.0	S	0.0
Aque_18822_001	Fspp_ffun1_m4_16723_m1	50.0	S	0.0
Aque_18822_001	Tadh_P52591	50.0	S	0.0
Aque_18822_001	Hhon_g05306_t1	50.0	S	0.0
Aque_18822_001	Xesp_022647	50.0	S	0.0
Aque_18822_001	Spis_XP_022794775_1	50.0	S	0.0
Aque_18822_001	Xesp_003756	50.0	S	0.0
Aque_18822_001	Xesp_005274	50.0	S	0.0
Aque_18822_001	Xesp_022606	50.0	S	0.0
Aque_18822_001	Gasp_gasp1.m3.24072.m1	50.0	S	0.0
Aque_18822_001	Exapal_XP_020904685.1	50.0	S	0.0
Aque_18822_001	Dgig_XP_028394891.1	50.0	S	0.0
Aque_18822_001	Dgig_XP_028410891.1	50.0	S	0.0
Aque_18822_001	Dgig_XP_028410113.1	50.0	S	0.0
Aque_18822_001	Gfas_gfas1.m1.7764.m1	50.0	S	0.0
Ocar_g9504.t1	Nvec_v1g118896	50.0	S	0.0
Ocar_g9504.t1	Adig_XP_015773566.1	50.0	S	0.0
Ocar_g9504.t1	Smed_dd_Smed_v6_10446_0	50.0	S	0.0
Ocar_g9504.t1	Fspp_ffun1_m4_16723_m1	50.0	S	0.0
Ocar_g9504.t1	Tadh_P52591	50.0	S	0.0
Ocar_g9504.t1	Hhon_g05306_t1	50.0	S	0.0
Ocar_g9504.t1	Xesp_022647	50.0	S	0.0
Ocar_g9504.t1	Spis_XP_022794775_1	50.0	S	0.0
Ocar_g9504.t1	Xesp_003756	50.0	S	0.0
Ocar_g9504.t1	Xesp_005274	50.0	S	0.0
Ocar_g9504.t1	Xesp_022606	50.0	S	0.0
Ocar_g9504.t1	Gasp_gasp1.m3.24072.m1	50.0	S	0.0
Ocar_g9504.t1	Exapal_XP_020904685.1	50.0	S	0.0
Ocar_g9504.t1	Dgig_XP_028394891.1	50.0	S	0.0
Ocar_g9504.t1	Dgig_XP_028410891.1	50.0	S	0.0
Ocar_g9504.t1	Dgig_XP_028410113.1	50.0	S	0.0
Ocar_g9504.t1	Gfas_gfas1.m1.7764.m1	50.0	S	0.0
Ctel_CapteP184448	Nvec_v1g118896	50.0	S	0.0
Ctel_CapteP184448	Adig_XP_015773566.1	50.0	S	0.0
Ctel_CapteP184448	Smed_dd_Smed_v6_10446_0	50.0	S	0.0
Ctel_CapteP184448	Fspp_ffun1_m4_16723_m1	50.0	S	0.0
Ctel_CapteP184448	Tadh_P52591	50.0	S	0.0
Ctel_CapteP184448	Hhon_g05306_t1	50.0	S	0.0
Ctel_CapteP184448	Xesp_022647	50.0	S	0.0
Ctel_CapteP184448	Spis_XP_022794775_1	50.0	S	0.0
Ctel_CapteP184448	Xesp_003756	50.0	S	0.0
Ctel_CapteP184448	Xesp_005274	50.0	S	0.0
Ctel_CapteP184448	Xesp_022606	50.0	S	0.0
Ctel_CapteP184448	Gasp_gasp1.m3.24072.m1	50.0	S	0.0
Ctel_CapteP184448	Exapal_XP_020904685.1	50.0	S	0.0
Ctel_CapteP184448	Dgig_XP_028394891.1	50.0	S	0.0
Ctel_CapteP184448	Dgig_XP_028410891.1	50.0	S	0.0
Ctel_CapteP184448	Dgig_XP_028410113.1	50.0	S	0.0
Ctel_CapteP184448	Gfas_gfas1.m1.7764.m1	50.0	S	0.0
Smed_dd_Smed_v6_1864_0	Cowc_CAOG_07174	42.0	S	0.0
Smed_dd_Smed_v6_1864_0	Pbac_sb2668191	42.0	S	0.0
Smed_dd_Smed_v6_1864_0	Mlei_ML3055_g29_t1	42.0	S	0.0
Fspp_ffun1_m4_29136_m1	Gasp_gasp1.m3.15100.m1	99.0	S	0.0
Aaur_Seg2179_2	Scil_67478	50.0	S	0.0
Aaur_Seg2179_2	Ocar_g9504.t1	50.0	S	0.0
Aaur_Seg2179_2	Emue_0018g91a	50.0	S	0.0
Aaur_Seg2179_2	Aque_18822_001	50.0	S	0.0
Morvir_scaffold205.g15.t1	Scil_67478	50.0	S	0.0
Morvir_scaffold205.g15.t1	Ocar_g9504.t1	50.0	S	0.0
Morvir_scaffold205.g15.t1	Emue_0018g91a	50.0	S	0.0
Morvir_scaffold205.g15.t1	Aque_18822_001	50.0	S	0.0
Ctel_CapteP184448	Scil_67478	50.0	S	0.0
Ctel_CapteP184448	Ocar_g9504.t1	50.0	S	0.0
Ctel_CapteP184448	Emue_0018g91a	50.0	S	0.0
Ctel_CapteP184448	Aque_18822_001	50.0	S	0.0
Hhon_g05306_t1	Nvec_v1g118896	49.0	S	0.0
Hhon_g05306_t1	Adig_XP_015773566.1	49.0	S	0.0
Hhon_g05306_t1	Fspp_ffun1_m4_16723_m1	49.0	S	0.0
Hhon_g05306_t1	Xesp_022647	49.0	S	0.0
Hhon_g05306_t1	Spis_XP_022794775_1	49.0	S	0.0
Hhon_g05306_t1	Xesp_003756	49.0	S	0.0
Hhon_g05306_t1	Xesp_005274	49.0	S	0.0
Hhon_g05306_t1	Xesp_022606	49.0	S	0.0
Hhon_g05306_t1	Gasp_gasp1.m3.24072.m1	49.0	S	0.0
Hhon_g05306_t1	Exapal_XP_020904685.1	49.0	S	0.0
Hhon_g05306_t1	Dgig_XP_028394891.1	49.0	S	0.0
Hhon_g05306_t1	Dgig_XP_028410891.1	49.0	S	0.0
Hhon_g05306_t1	Dgig_XP_028410113.1	49.0	S	0.0
Hhon_g05306_t1	Gfas_gfas1.m1.7764.m1	49.0	S	0.0
Smed_dd_Smed_v6_10446_0	Nvec_v1g118896	49.0	S	0.0
Smed_dd_Smed_v6_10446_0	Adig_XP_015773566.1	49.0	S	0.0
Smed_dd_Smed_v6_10446_0	Fspp_ffun1_m4_16723_m1	49.0	S	0.0
Smed_dd_Smed_v6_10446_0	Xesp_022647	49.0	S	0.0
Smed_dd_Smed_v6_10446_0	Spis_XP_022794775_1	49.0	S	0.0
Smed_dd_Smed_v6_10446_0	Xesp_003756	49.0	S	0.0
Smed_dd_Smed_v6_10446_0	Xesp_005274	49.0	S	0.0
Smed_dd_Smed_v6_10446_0	Xesp_022606	49.0	S	0.0
Smed_dd_Smed_v6_10446_0	Gasp_gasp1.m3.24072.m1	49.0	S	0.0
Smed_dd_Smed_v6_10446_0	Exapal_XP_020904685.1	49.0	S	0.0
Smed_dd_Smed_v6_10446_0	Dgig_XP_028394891.1	49.0	S	0.0
Smed_dd_Smed_v6_10446_0	Dgig_XP_028410891.1	49.0	S	0.0
Smed_dd_Smed_v6_10446_0	Dgig_XP_028410113.1	49.0	S	0.0
Smed_dd_Smed_v6_10446_0	Gfas_gfas1.m1.7764.m1	49.0	S	0.0
Tadh_P52591	Nvec_v1g118896	49.0	S	0.0
Tadh_P52591	Adig_XP_015773566.1	49.0	S	0.0
Tadh_P52591	Fspp_ffun1_m4_16723_m1	49.0	S	0.0
Tadh_P52591	Xesp_022647	49.0	S	0.0
Tadh_P52591	Spis_XP_022794775_1	49.0	S	0.0
Tadh_P52591	Xesp_003756	49.0	S	0.0
Tadh_P52591	Xesp_005274	49.0	S	0.0
Tadh_P52591	Xesp_022606	49.0	S	0.0
Tadh_P52591	Gasp_gasp1.m3.24072.m1	49.0	S	0.0
Tadh_P52591	Exapal_XP_020904685.1	49.0	S	0.0
Tadh_P52591	Dgig_XP_028394891.1	49.0	S	0.0
Tadh_P52591	Dgig_XP_028410891.1	49.0	S	0.0
Tadh_P52591	Dgig_XP_028410113.1	49.0	S	0.0
Tadh_P52591	Gfas_gfas1.m1.7764.m1	49.0	S	0.0
Hvul_g16628_1	Dmel_FBpp0302925_tj	77.0	S	0.0
Hvul_g16628_1	Mmus_ENSMUSG00000040632	77.0	S	0.0
Hvul_g16628_1	Mmus_ENSMUSG00000055435	77.0	S	0.0
Hvul_g16628_1	Tcas_XP_969910.2	77.0	S	0.0
Hvul_g16628_1	Hsap_ENSG00000285493_NRL	77.0	S	0.0
Hvul_g16628_1	Hsap_ENSG00000204103_MAFB	77.0	S	0.0
Hvul_g16628_1	Mmus_ENSMUSG00000074622	77.0	S	0.0
Hvul_g16628_1	Hsap_ENSG00000129535_NRL	77.0	S	0.0
Hvul_g16628_1	Bflo_269081	77.0	S	0.0
Hvul_g16628_1	Mmus_ENSMUSG00000047591	77.0	S	0.0
Hvul_g16628_1	Spur_XP_003724179.1	77.0	S	0.0
Hvul_g16628_1	Skow_NP_001164706_1	77.0	S	0.0
Hvul_g16628_1	Hsap_ENSG00000182759_MAFA	77.0	S	0.0
Hvul_g16628_1	Hsap_ENSG00000178573_MAF	77.0	S	0.0
Chem_TCONS_00060774_1	Dmel_FBpp0302925_tj	77.0	S	0.0
Chem_TCONS_00060774_1	Mmus_ENSMUSG00000040632	77.0	S	0.0
Chem_TCONS_00060774_1	Mmus_ENSMUSG00000055435	77.0	S	0.0
Chem_TCONS_00060774_1	Tcas_XP_969910.2	77.0	S	0.0
Chem_TCONS_00060774_1	Hsap_ENSG00000285493_NRL	77.0	S	0.0
Chem_TCONS_00060774_1	Hsap_ENSG00000204103_MAFB	77.0	S	0.0
Chem_TCONS_00060774_1	Mmus_ENSMUSG00000074622	77.0	S	0.0
Chem_TCONS_00060774_1	Hsap_ENSG00000129535_NRL	77.0	S	0.0
Chem_TCONS_00060774_1	Bflo_269081	77.0	S	0.0
Chem_TCONS_00060774_1	Mmus_ENSMUSG00000047591	77.0	S	0.0
Chem_TCONS_00060774_1	Spur_XP_003724179.1	77.0	S	0.0
Chem_TCONS_00060774_1	Skow_NP_001164706_1	77.0	S	0.0
Chem_TCONS_00060774_1	Hsap_ENSG00000182759_MAFA	77.0	S	0.0
Chem_TCONS_00060774_1	Hsap_ENSG00000178573_MAF	77.0	S	0.0
Scil_68538	Spur_XP_001184118.3	42.0	S	0.0
Scil_68538	Hsap_ENSG00000197063_MAFG	42.0	S	0.0
Scil_68538	Bflo_88200	42.0	S	0.0
Scil_68538	Dmel_FBpp0309590_maf-S	42.0	S	0.0
Scil_68538	Hmia_HMIM020015_PA	42.0	S	0.0
Scil_68538	Aaur_Seg2739_3	42.0	S	0.0
Scil_68538	Chem_TCONS_00073747_1	42.0	S	0.0
Scil_68538	Hvul_g18364_1	42.0	S	0.0
Scil_68538	Mmus_ENSMUSG00000042622	42.0	S	0.0
Scil_68538	Mmus_ENSMUSG00000051510	42.0	S	0.0
Scil_68538	Nvec_v1g99714	42.0	S	0.0
Scil_68538	Xesp_002737	42.0	S	0.0
Scil_68538	Gfas_gfas1.m1.16569.m1	42.0	S	0.0
Scil_68538	Morvir_scaffold85.g24.t1	42.0	S	0.0
Scil_68538	Cgig_EKC36134	42.0	S	0.0
Scil_68538	Hsap_ENSG00000198517_MAFK	42.0	S	0.0
Scil_68538	Tcas_XP_001807559.1	42.0	S	0.0
Scil_68538	Skow_XP_002732304_1	42.0	S	0.0
Scil_68538	Fspp_ffun1_m4_27128_m1	42.0	S	0.0
Scil_68538	Dgig_XP_028405040.1	42.0	S	0.0
Scil_68538	Ctel_CapteP148890	42.0	S	0.0
Scil_68538	Adig_XP_015761772.1	42.0	S	0.0
Scil_68538	Fspp_ffun1_m4_1909_m1	42.0	S	0.0
Scil_68538	Exapal_XP_020903854.2	42.0	S	0.0
Scil_68538	Mmus_ENSMUSG00000018143	42.0	S	0.0
Scil_68538	Morvir_scaffold85.g19.t1	42.0	S	0.0
Scil_68538	Spis_XP_022809245_1	42.0	S	0.0
Scil_68538	Hsap_ENSG00000185022_MAFF	42.0	S	0.0
Hhon_g05307_t1	Spur_XP_001184118.3	42.0	S	0.0
Hhon_g05307_t1	Hsap_ENSG00000197063_MAFG	42.0	S	0.0
Hhon_g05307_t1	Bflo_88200	42.0	S	0.0
Hhon_g05307_t1	Dmel_FBpp0309590_maf-S	42.0	S	0.0
Hhon_g05307_t1	Hmia_HMIM020015_PA	42.0	S	0.0
Hhon_g05307_t1	Aaur_Seg2739_3	42.0	S	0.0
Hhon_g05307_t1	Chem_TCONS_00073747_1	42.0	S	0.0
Hhon_g05307_t1	Hvul_g18364_1	42.0	S	0.0
Hhon_g05307_t1	Mmus_ENSMUSG00000042622	42.0	S	0.0
Hhon_g05307_t1	Mmus_ENSMUSG00000051510	42.0	S	0.0
Hhon_g05307_t1	Nvec_v1g99714	42.0	S	0.0
Hhon_g05307_t1	Xesp_002737	42.0	S	0.0
Hhon_g05307_t1	Gfas_gfas1.m1.16569.m1	42.0	S	0.0
Hhon_g05307_t1	Morvir_scaffold85.g24.t1	42.0	S	0.0
Hhon_g05307_t1	Cgig_EKC36134	42.0	S	0.0
Hhon_g05307_t1	Hsap_ENSG00000198517_MAFK	42.0	S	0.0
Hhon_g05307_t1	Tcas_XP_001807559.1	42.0	S	0.0
Hhon_g05307_t1	Skow_XP_002732304_1	42.0	S	0.0
Hhon_g05307_t1	Fspp_ffun1_m4_27128_m1	42.0	S	0.0
Hhon_g05307_t1	Dgig_XP_028405040.1	42.0	S	0.0
Hhon_g05307_t1	Ctel_CapteP148890	42.0	S	0.0
Hhon_g05307_t1	Adig_XP_015761772.1	42.0	S	0.0
Hhon_g05307_t1	Fspp_ffun1_m4_1909_m1	42.0	S	0.0
Hhon_g05307_t1	Exapal_XP_020903854.2	42.0	S	0.0
Hhon_g05307_t1	Mmus_ENSMUSG00000018143	42.0	S	0.0
Hhon_g05307_t1	Morvir_scaffold85.g19.t1	42.0	S	0.0
Hhon_g05307_t1	Spis_XP_022809245_1	42.0	S	0.0
Hhon_g05307_t1	Hsap_ENSG00000185022_MAFF	42.0	S	0.0
Tadh_P52592	Spur_XP_001184118.3	42.0	S	0.0
Tadh_P52592	Hsap_ENSG00000197063_MAFG	42.0	S	0.0
Tadh_P52592	Bflo_88200	42.0	S	0.0
Tadh_P52592	Dmel_FBpp0309590_maf-S	42.0	S	0.0
Tadh_P52592	Hmia_HMIM020015_PA	42.0	S	0.0
Tadh_P52592	Aaur_Seg2739_3	42.0	S	0.0
Tadh_P52592	Chem_TCONS_00073747_1	42.0	S	0.0
Tadh_P52592	Hvul_g18364_1	42.0	S	0.0
Tadh_P52592	Mmus_ENSMUSG00000042622	42.0	S	0.0
Tadh_P52592	Mmus_ENSMUSG00000051510	42.0	S	0.0
Tadh_P52592	Nvec_v1g99714	42.0	S	0.0
Tadh_P52592	Xesp_002737	42.0	S	0.0
Tadh_P52592	Gfas_gfas1.m1.16569.m1	42.0	S	0.0
Tadh_P52592	Morvir_scaffold85.g24.t1	42.0	S	0.0
Tadh_P52592	Cgig_EKC36134	42.0	S	0.0
Tadh_P52592	Hsap_ENSG00000198517_MAFK	42.0	S	0.0
Tadh_P52592	Tcas_XP_001807559.1	42.0	S	0.0
Tadh_P52592	Skow_XP_002732304_1	42.0	S	0.0
Tadh_P52592	Fspp_ffun1_m4_27128_m1	42.0	S	0.0
Tadh_P52592	Dgig_XP_028405040.1	42.0	S	0.0
Tadh_P52592	Ctel_CapteP148890	42.0	S	0.0
Tadh_P52592	Adig_XP_015761772.1	42.0	S	0.0
Tadh_P52592	Fspp_ffun1_m4_1909_m1	42.0	S	0.0
Tadh_P52592	Exapal_XP_020903854.2	42.0	S	0.0
Tadh_P52592	Mmus_ENSMUSG00000018143	42.0	S	0.0
Tadh_P52592	Morvir_scaffold85.g19.t1	42.0	S	0.0
Tadh_P52592	Spis_XP_022809245_1	42.0	S	0.0
Tadh_P52592	Hsap_ENSG00000185022_MAFF	42.0	S	0.0
Cowc_CAOG_07174	Pbac_sb2668191	82.0	S	0.0
Cowc_CAOG_07174	Mlei_ML3055_g29_t1	82.0	S	0.0
Gasp_gasp1.m3.12145.m1	Spis_XP_022791124_1	100.0	S	0.0
Spis_XP_022791127_1	Gasp_gasp1.m3.12148.m1	98.0	S	0.0
Spis_XP_022791127_1	Fspp_ffun1_m4_1651_m1	98.0	S	0.0
Fspp_ffun1_m4_29137_m1	Adig_XP_015777100.1	100.0	S	0.0
Fspp_ffun1_m4_29137_m1	Gfas_gfas1.m1.19095.m1	100.0	S	0.0
Fspp_ffun1_m4_29137_m1	Gfas_gfas1.m1.19096.m1	100.0	S	0.0
Gasp_gasp1.m3.15101.m1	Adig_XP_015777100.1	100.0	S	0.0
Gasp_gasp1.m3.15101.m1	Gfas_gfas1.m1.19095.m1	100.0	S	0.0
Gasp_gasp1.m3.15101.m1	Gfas_gfas1.m1.19096.m1	100.0	S	0.0
Spis_XP_022794205_1	Adig_XP_015777100.1	100.0	S	0.0
Spis_XP_022794205_1	Gfas_gfas1.m1.19095.m1	100.0	S	0.0
Spis_XP_022794205_1	Gfas_gfas1.m1.19096.m1	100.0	S	0.0
Ctel_CapteP184448	Aaur_Seg2179_2	73.0	S	0.0
Ctel_CapteP184448	Morvir_scaffold205.g15.t1	73.0	S	0.0
Scil_67478	Ocar_g9504.t1	70.0	S	0.0
Scil_67478	Emue_0018g91a	70.0	S	0.0
Scil_67478	Aque_18822_001	70.0	S	0.0
Smed_dd_Smed_v6_10446_0	Hhon_g05306_t1	50.0	S	0.0
Smed_dd_Smed_v6_10446_0	Tadh_P52591	50.0	S	0.0
Xesp_022647	Nvec_v1g118896	72.0	S	0.0
Xesp_022647	Adig_XP_015773566.1	72.0	S	0.0
Xesp_022647	Fspp_ffun1_m4_16723_m1	72.0	S	0.0
Xesp_022647	Spis_XP_022794775_1	72.0	S	0.0
Xesp_022647	Exapal_XP_020904685.1	72.0	S	0.0
Xesp_022647	Gasp_gasp1.m3.24072.m1	72.0	S	0.0
Xesp_022647	Gfas_gfas1.m1.7764.m1	72.0	S	0.0
Xesp_003756	Nvec_v1g118896	72.0	S	0.0
Xesp_003756	Adig_XP_015773566.1	72.0	S	0.0
Xesp_003756	Fspp_ffun1_m4_16723_m1	72.0	S	0.0
Xesp_003756	Spis_XP_022794775_1	72.0	S	0.0
Xesp_003756	Exapal_XP_020904685.1	72.0	S	0.0
Xesp_003756	Gasp_gasp1.m3.24072.m1	72.0	S	0.0
Xesp_003756	Gfas_gfas1.m1.7764.m1	72.0	S	0.0
Xesp_005274	Nvec_v1g118896	72.0	S	0.0
Xesp_005274	Adig_XP_015773566.1	72.0	S	0.0
Xesp_005274	Fspp_ffun1_m4_16723_m1	72.0	S	0.0
Xesp_005274	Spis_XP_022794775_1	72.0	S	0.0
Xesp_005274	Exapal_XP_020904685.1	72.0	S	0.0
Xesp_005274	Gasp_gasp1.m3.24072.m1	72.0	S	0.0
Xesp_005274	Gfas_gfas1.m1.7764.m1	72.0	S	0.0
Xesp_022606	Nvec_v1g118896	72.0	S	0.0
Xesp_022606	Adig_XP_015773566.1	72.0	S	0.0
Xesp_022606	Fspp_ffun1_m4_16723_m1	72.0	S	0.0
Xesp_022606	Spis_XP_022794775_1	72.0	S	0.0
Xesp_022606	Exapal_XP_020904685.1	72.0	S	0.0
Xesp_022606	Gasp_gasp1.m3.24072.m1	72.0	S	0.0
Xesp_022606	Gfas_gfas1.m1.7764.m1	72.0	S	0.0
Dgig_XP_028394891.1	Nvec_v1g118896	72.0	S	0.0
Dgig_XP_028394891.1	Adig_XP_015773566.1	72.0	S	0.0
Dgig_XP_028394891.1	Fspp_ffun1_m4_16723_m1	72.0	S	0.0
Dgig_XP_028394891.1	Spis_XP_022794775_1	72.0	S	0.0
Dgig_XP_028394891.1	Exapal_XP_020904685.1	72.0	S	0.0
Dgig_XP_028394891.1	Gasp_gasp1.m3.24072.m1	72.0	S	0.0
Dgig_XP_028394891.1	Gfas_gfas1.m1.7764.m1	72.0	S	0.0
Dgig_XP_028410891.1	Nvec_v1g118896	72.0	S	0.0
Dgig_XP_028410891.1	Adig_XP_015773566.1	72.0	S	0.0
Dgig_XP_028410891.1	Fspp_ffun1_m4_16723_m1	72.0	S	0.0
Dgig_XP_028410891.1	Spis_XP_022794775_1	72.0	S	0.0
Dgig_XP_028410891.1	Exapal_XP_020904685.1	72.0	S	0.0
Dgig_XP_028410891.1	Gasp_gasp1.m3.24072.m1	72.0	S	0.0
Dgig_XP_028410891.1	Gfas_gfas1.m1.7764.m1	72.0	S	0.0
Dgig_XP_028410113.1	Nvec_v1g118896	72.0	S	0.0
Dgig_XP_028410113.1	Adig_XP_015773566.1	72.0	S	0.0
Dgig_XP_028410113.1	Fspp_ffun1_m4_16723_m1	72.0	S	0.0
Dgig_XP_028410113.1	Spis_XP_022794775_1	72.0	S	0.0
Dgig_XP_028410113.1	Exapal_XP_020904685.1	72.0	S	0.0
Dgig_XP_028410113.1	Gasp_gasp1.m3.24072.m1	72.0	S	0.0
Dgig_XP_028410113.1	Gfas_gfas1.m1.7764.m1	72.0	S	0.0
Hvul_g16628_1	Chem_TCONS_00060774_1	100.0	S	0.0
Dmel_FBpp0302925_tj	Mmus_ENSMUSG00000040632	98.0	S	0.0
Dmel_FBpp0302925_tj	Mmus_ENSMUSG00000055435	98.0	S	0.0
Dmel_FBpp0302925_tj	Hsap_ENSG00000285493_NRL	98.0	S	0.0
Dmel_FBpp0302925_tj	Hsap_ENSG00000204103_MAFB	98.0	S	0.0
Dmel_FBpp0302925_tj	Mmus_ENSMUSG00000074622	98.0	S	0.0
Dmel_FBpp0302925_tj	Hsap_ENSG00000129535_NRL	98.0	S	0.0
Dmel_FBpp0302925_tj	Bflo_269081	98.0	S	0.0
Dmel_FBpp0302925_tj	Mmus_ENSMUSG00000047591	98.0	S	0.0
Dmel_FBpp0302925_tj	Spur_XP_003724179.1	98.0	S	0.0
Dmel_FBpp0302925_tj	Skow_NP_001164706_1	98.0	S	0.0
Dmel_FBpp0302925_tj	Hsap_ENSG00000182759_MAFA	98.0	S	0.0
Dmel_FBpp0302925_tj	Hsap_ENSG00000178573_MAF	98.0	S	0.0
Tcas_XP_969910.2	Mmus_ENSMUSG00000040632	98.0	S	0.0
Tcas_XP_969910.2	Mmus_ENSMUSG00000055435	98.0	S	0.0
Tcas_XP_969910.2	Hsap_ENSG00000285493_NRL	98.0	S	0.0
Tcas_XP_969910.2	Hsap_ENSG00000204103_MAFB	98.0	S	0.0
Tcas_XP_969910.2	Mmus_ENSMUSG00000074622	98.0	S	0.0
Tcas_XP_969910.2	Hsap_ENSG00000129535_NRL	98.0	S	0.0
Tcas_XP_969910.2	Bflo_269081	98.0	S	0.0
Tcas_XP_969910.2	Mmus_ENSMUSG00000047591	98.0	S	0.0
Tcas_XP_969910.2	Spur_XP_003724179.1	98.0	S	0.0
Tcas_XP_969910.2	Skow_NP_001164706_1	98.0	S	0.0
Tcas_XP_969910.2	Hsap_ENSG00000182759_MAFA	98.0	S	0.0
Tcas_XP_969910.2	Hsap_ENSG00000178573_MAF	98.0	S	0.0
Scil_68538	Hhon_g05307_t1	78.0	S	0.0
Scil_68538	Tadh_P52592	78.0	S	0.0
Cgig_EKC36134	Xesp_002737	69.0	S	0.0
Cgig_EKC36134	Fspp_ffun1_m4_27128_m1	69.0	S	0.0
Cgig_EKC36134	Dgig_XP_028405040.1	69.0	S	0.0
Cgig_EKC36134	Exapal_XP_020903854.2	69.0	S	0.0
Cgig_EKC36134	Morvir_scaffold85.g19.t1	69.0	S	0.0
Cgig_EKC36134	Adig_XP_015761772.1	69.0	S	0.0
Cgig_EKC36134	Aaur_Seg2739_3	69.0	S	0.0
Cgig_EKC36134	Chem_TCONS_00073747_1	69.0	S	0.0
Cgig_EKC36134	Spis_XP_022809245_1	69.0	S	0.0
Cgig_EKC36134	Fspp_ffun1_m4_1909_m1	69.0	S	0.0
Cgig_EKC36134	Hvul_g18364_1	69.0	S	0.0
Cgig_EKC36134	Gfas_gfas1.m1.16569.m1	69.0	S	0.0
Cgig_EKC36134	Morvir_scaffold85.g24.t1	69.0	S	0.0
Cgig_EKC36134	Nvec_v1g99714	69.0	S	0.0
Mmus_ENSMUSG00000018143	Xesp_002737	69.0	S	0.0
Mmus_ENSMUSG00000018143	Fspp_ffun1_m4_27128_m1	69.0	S	0.0
Mmus_ENSMUSG00000018143	Dgig_XP_028405040.1	69.0	S	0.0
Mmus_ENSMUSG00000018143	Exapal_XP_020903854.2	69.0	S	0.0
Mmus_ENSMUSG00000018143	Morvir_scaffold85.g19.t1	69.0	S	0.0
Mmus_ENSMUSG00000018143	Adig_XP_015761772.1	69.0	S	0.0
Mmus_ENSMUSG00000018143	Aaur_Seg2739_3	69.0	S	0.0
Mmus_ENSMUSG00000018143	Chem_TCONS_00073747_1	69.0	S	0.0
Mmus_ENSMUSG00000018143	Spis_XP_022809245_1	69.0	S	0.0
Mmus_ENSMUSG00000018143	Fspp_ffun1_m4_1909_m1	69.0	S	0.0
Mmus_ENSMUSG00000018143	Hvul_g18364_1	69.0	S	0.0
Mmus_ENSMUSG00000018143	Gfas_gfas1.m1.16569.m1	69.0	S	0.0
Mmus_ENSMUSG00000018143	Morvir_scaffold85.g24.t1	69.0	S	0.0
Mmus_ENSMUSG00000018143	Nvec_v1g99714	69.0	S	0.0
Skow_XP_002732304_1	Xesp_002737	69.0	S	0.0
Skow_XP_002732304_1	Fspp_ffun1_m4_27128_m1	69.0	S	0.0
Skow_XP_002732304_1	Dgig_XP_028405040.1	69.0	S	0.0
Skow_XP_002732304_1	Exapal_XP_020903854.2	69.0	S	0.0
Skow_XP_002732304_1	Morvir_scaffold85.g19.t1	69.0	S	0.0
Skow_XP_002732304_1	Adig_XP_015761772.1	69.0	S	0.0
Skow_XP_002732304_1	Aaur_Seg2739_3	69.0	S	0.0
Skow_XP_002732304_1	Chem_TCONS_00073747_1	69.0	S	0.0
Skow_XP_002732304_1	Spis_XP_022809245_1	69.0	S	0.0
Skow_XP_002732304_1	Fspp_ffun1_m4_1909_m1	69.0	S	0.0
Skow_XP_002732304_1	Hvul_g18364_1	69.0	S	0.0
Skow_XP_002732304_1	Gfas_gfas1.m1.16569.m1	69.0	S	0.0
Skow_XP_002732304_1	Morvir_scaffold85.g24.t1	69.0	S	0.0
Skow_XP_002732304_1	Nvec_v1g99714	69.0	S	0.0
Tcas_XP_001807559.1	Xesp_002737	69.0	S	0.0
Tcas_XP_001807559.1	Fspp_ffun1_m4_27128_m1	69.0	S	0.0
Tcas_XP_001807559.1	Dgig_XP_028405040.1	69.0	S	0.0
Tcas_XP_001807559.1	Exapal_XP_020903854.2	69.0	S	0.0
Tcas_XP_001807559.1	Morvir_scaffold85.g19.t1	69.0	S	0.0
Tcas_XP_001807559.1	Adig_XP_015761772.1	69.0	S	0.0
Tcas_XP_001807559.1	Aaur_Seg2739_3	69.0	S	0.0
Tcas_XP_001807559.1	Chem_TCONS_00073747_1	69.0	S	0.0
Tcas_XP_001807559.1	Spis_XP_022809245_1	69.0	S	0.0
Tcas_XP_001807559.1	Fspp_ffun1_m4_1909_m1	69.0	S	0.0
Tcas_XP_001807559.1	Hvul_g18364_1	69.0	S	0.0
Tcas_XP_001807559.1	Gfas_gfas1.m1.16569.m1	69.0	S	0.0
Tcas_XP_001807559.1	Morvir_scaffold85.g24.t1	69.0	S	0.0
Tcas_XP_001807559.1	Nvec_v1g99714	69.0	S	0.0
Spur_XP_001184118.3	Xesp_002737	69.0	S	0.0
Spur_XP_001184118.3	Fspp_ffun1_m4_27128_m1	69.0	S	0.0
Spur_XP_001184118.3	Dgig_XP_028405040.1	69.0	S	0.0
Spur_XP_001184118.3	Exapal_XP_020903854.2	69.0	S	0.0
Spur_XP_001184118.3	Morvir_scaffold85.g19.t1	69.0	S	0.0
Spur_XP_001184118.3	Adig_XP_015761772.1	69.0	S	0.0
Spur_XP_001184118.3	Aaur_Seg2739_3	69.0	S	0.0
Spur_XP_001184118.3	Chem_TCONS_00073747_1	69.0	S	0.0
Spur_XP_001184118.3	Spis_XP_022809245_1	69.0	S	0.0
Spur_XP_001184118.3	Fspp_ffun1_m4_1909_m1	69.0	S	0.0
Spur_XP_001184118.3	Hvul_g18364_1	69.0	S	0.0
Spur_XP_001184118.3	Gfas_gfas1.m1.16569.m1	69.0	S	0.0
Spur_XP_001184118.3	Morvir_scaffold85.g24.t1	69.0	S	0.0
Spur_XP_001184118.3	Nvec_v1g99714	69.0	S	0.0
Hsap_ENSG00000197063_MAFG	Xesp_002737	69.0	S	0.0
Hsap_ENSG00000197063_MAFG	Fspp_ffun1_m4_27128_m1	69.0	S	0.0
Hsap_ENSG00000197063_MAFG	Dgig_XP_028405040.1	69.0	S	0.0
Hsap_ENSG00000197063_MAFG	Exapal_XP_020903854.2	69.0	S	0.0
Hsap_ENSG00000197063_MAFG	Morvir_scaffold85.g19.t1	69.0	S	0.0
Hsap_ENSG00000197063_MAFG	Adig_XP_015761772.1	69.0	S	0.0
Hsap_ENSG00000197063_MAFG	Aaur_Seg2739_3	69.0	S	0.0
Hsap_ENSG00000197063_MAFG	Chem_TCONS_00073747_1	69.0	S	0.0
Hsap_ENSG00000197063_MAFG	Spis_XP_022809245_1	69.0	S	0.0
Hsap_ENSG00000197063_MAFG	Fspp_ffun1_m4_1909_m1	69.0	S	0.0
Hsap_ENSG00000197063_MAFG	Hvul_g18364_1	69.0	S	0.0
Hsap_ENSG00000197063_MAFG	Gfas_gfas1.m1.16569.m1	69.0	S	0.0
Hsap_ENSG00000197063_MAFG	Morvir_scaffold85.g24.t1	69.0	S	0.0
Hsap_ENSG00000197063_MAFG	Nvec_v1g99714	69.0	S	0.0
Hsap_ENSG00000198517_MAFK	Xesp_002737	69.0	S	0.0
Hsap_ENSG00000198517_MAFK	Fspp_ffun1_m4_27128_m1	69.0	S	0.0
Hsap_ENSG00000198517_MAFK	Dgig_XP_028405040.1	69.0	S	0.0
Hsap_ENSG00000198517_MAFK	Exapal_XP_020903854.2	69.0	S	0.0
Hsap_ENSG00000198517_MAFK	Morvir_scaffold85.g19.t1	69.0	S	0.0
Hsap_ENSG00000198517_MAFK	Adig_XP_015761772.1	69.0	S	0.0
Hsap_ENSG00000198517_MAFK	Aaur_Seg2739_3	69.0	S	0.0
Hsap_ENSG00000198517_MAFK	Chem_TCONS_00073747_1	69.0	S	0.0
Hsap_ENSG00000198517_MAFK	Spis_XP_022809245_1	69.0	S	0.0
Hsap_ENSG00000198517_MAFK	Fspp_ffun1_m4_1909_m1	69.0	S	0.0
Hsap_ENSG00000198517_MAFK	Hvul_g18364_1	69.0	S	0.0
Hsap_ENSG00000198517_MAFK	Gfas_gfas1.m1.16569.m1	69.0	S	0.0
Hsap_ENSG00000198517_MAFK	Morvir_scaffold85.g24.t1	69.0	S	0.0
Hsap_ENSG00000198517_MAFK	Nvec_v1g99714	69.0	S	0.0
Ctel_CapteP148890	Xesp_002737	69.0	S	0.0
Ctel_CapteP148890	Fspp_ffun1_m4_27128_m1	69.0	S	0.0
Ctel_CapteP148890	Dgig_XP_028405040.1	69.0	S	0.0
Ctel_CapteP148890	Exapal_XP_020903854.2	69.0	S	0.0
Ctel_CapteP148890	Morvir_scaffold85.g19.t1	69.0	S	0.0
Ctel_CapteP148890	Adig_XP_015761772.1	69.0	S	0.0
Ctel_CapteP148890	Aaur_Seg2739_3	69.0	S	0.0
Ctel_CapteP148890	Chem_TCONS_00073747_1	69.0	S	0.0
Ctel_CapteP148890	Spis_XP_022809245_1	69.0	S	0.0
Ctel_CapteP148890	Fspp_ffun1_m4_1909_m1	69.0	S	0.0
Ctel_CapteP148890	Hvul_g18364_1	69.0	S	0.0
Ctel_CapteP148890	Gfas_gfas1.m1.16569.m1	69.0	S	0.0
Ctel_CapteP148890	Morvir_scaffold85.g24.t1	69.0	S	0.0
Ctel_CapteP148890	Nvec_v1g99714	69.0	S	0.0
Bflo_88200	Xesp_002737	69.0	S	0.0
Bflo_88200	Fspp_ffun1_m4_27128_m1	69.0	S	0.0
Bflo_88200	Dgig_XP_028405040.1	69.0	S	0.0
Bflo_88200	Exapal_XP_020903854.2	69.0	S	0.0
Bflo_88200	Morvir_scaffold85.g19.t1	69.0	S	0.0
Bflo_88200	Adig_XP_015761772.1	69.0	S	0.0
Bflo_88200	Aaur_Seg2739_3	69.0	S	0.0
Bflo_88200	Chem_TCONS_00073747_1	69.0	S	0.0
Bflo_88200	Spis_XP_022809245_1	69.0	S	0.0
Bflo_88200	Fspp_ffun1_m4_1909_m1	69.0	S	0.0
Bflo_88200	Hvul_g18364_1	69.0	S	0.0
Bflo_88200	Gfas_gfas1.m1.16569.m1	69.0	S	0.0
Bflo_88200	Morvir_scaffold85.g24.t1	69.0	S	0.0
Bflo_88200	Nvec_v1g99714	69.0	S	0.0
Dmel_FBpp0309590_maf-S	Xesp_002737	69.0	S	0.0
Dmel_FBpp0309590_maf-S	Fspp_ffun1_m4_27128_m1	69.0	S	0.0
Dmel_FBpp0309590_maf-S	Dgig_XP_028405040.1	69.0	S	0.0
Dmel_FBpp0309590_maf-S	Exapal_XP_020903854.2	69.0	S	0.0
Dmel_FBpp0309590_maf-S	Morvir_scaffold85.g19.t1	69.0	S	0.0
Dmel_FBpp0309590_maf-S	Adig_XP_015761772.1	69.0	S	0.0
Dmel_FBpp0309590_maf-S	Aaur_Seg2739_3	69.0	S	0.0
Dmel_FBpp0309590_maf-S	Chem_TCONS_00073747_1	69.0	S	0.0
Dmel_FBpp0309590_maf-S	Spis_XP_022809245_1	69.0	S	0.0
Dmel_FBpp0309590_maf-S	Fspp_ffun1_m4_1909_m1	69.0	S	0.0
Dmel_FBpp0309590_maf-S	Hvul_g18364_1	69.0	S	0.0
Dmel_FBpp0309590_maf-S	Gfas_gfas1.m1.16569.m1	69.0	S	0.0
Dmel_FBpp0309590_maf-S	Morvir_scaffold85.g24.t1	69.0	S	0.0
Dmel_FBpp0309590_maf-S	Nvec_v1g99714	69.0	S	0.0
Hmia_HMIM020015_PA	Xesp_002737	69.0	S	0.0
Hmia_HMIM020015_PA	Fspp_ffun1_m4_27128_m1	69.0	S	0.0
Hmia_HMIM020015_PA	Dgig_XP_028405040.1	69.0	S	0.0
Hmia_HMIM020015_PA	Exapal_XP_020903854.2	69.0	S	0.0
Hmia_HMIM020015_PA	Morvir_scaffold85.g19.t1	69.0	S	0.0
Hmia_HMIM020015_PA	Adig_XP_015761772.1	69.0	S	0.0
Hmia_HMIM020015_PA	Aaur_Seg2739_3	69.0	S	0.0
Hmia_HMIM020015_PA	Chem_TCONS_00073747_1	69.0	S	0.0
Hmia_HMIM020015_PA	Spis_XP_022809245_1	69.0	S	0.0
Hmia_HMIM020015_PA	Fspp_ffun1_m4_1909_m1	69.0	S	0.0
Hmia_HMIM020015_PA	Hvul_g18364_1	69.0	S	0.0
Hmia_HMIM020015_PA	Gfas_gfas1.m1.16569.m1	69.0	S	0.0
Hmia_HMIM020015_PA	Morvir_scaffold85.g24.t1	69.0	S	0.0
Hmia_HMIM020015_PA	Nvec_v1g99714	69.0	S	0.0
Mmus_ENSMUSG00000042622	Xesp_002737	69.0	S	0.0
Mmus_ENSMUSG00000042622	Fspp_ffun1_m4_27128_m1	69.0	S	0.0
Mmus_ENSMUSG00000042622	Dgig_XP_028405040.1	69.0	S	0.0
Mmus_ENSMUSG00000042622	Exapal_XP_020903854.2	69.0	S	0.0
Mmus_ENSMUSG00000042622	Morvir_scaffold85.g19.t1	69.0	S	0.0
Mmus_ENSMUSG00000042622	Adig_XP_015761772.1	69.0	S	0.0
Mmus_ENSMUSG00000042622	Aaur_Seg2739_3	69.0	S	0.0
Mmus_ENSMUSG00000042622	Chem_TCONS_00073747_1	69.0	S	0.0
Mmus_ENSMUSG00000042622	Spis_XP_022809245_1	69.0	S	0.0
Mmus_ENSMUSG00000042622	Fspp_ffun1_m4_1909_m1	69.0	S	0.0
Mmus_ENSMUSG00000042622	Hvul_g18364_1	69.0	S	0.0
Mmus_ENSMUSG00000042622	Gfas_gfas1.m1.16569.m1	69.0	S	0.0
Mmus_ENSMUSG00000042622	Morvir_scaffold85.g24.t1	69.0	S	0.0
Mmus_ENSMUSG00000042622	Nvec_v1g99714	69.0	S	0.0
Mmus_ENSMUSG00000051510	Xesp_002737	69.0	S	0.0
Mmus_ENSMUSG00000051510	Fspp_ffun1_m4_27128_m1	69.0	S	0.0
Mmus_ENSMUSG00000051510	Dgig_XP_028405040.1	69.0	S	0.0
Mmus_ENSMUSG00000051510	Exapal_XP_020903854.2	69.0	S	0.0
Mmus_ENSMUSG00000051510	Morvir_scaffold85.g19.t1	69.0	S	0.0
Mmus_ENSMUSG00000051510	Adig_XP_015761772.1	69.0	S	0.0
Mmus_ENSMUSG00000051510	Aaur_Seg2739_3	69.0	S	0.0
Mmus_ENSMUSG00000051510	Chem_TCONS_00073747_1	69.0	S	0.0
Mmus_ENSMUSG00000051510	Spis_XP_022809245_1	69.0	S	0.0
Mmus_ENSMUSG00000051510	Fspp_ffun1_m4_1909_m1	69.0	S	0.0
Mmus_ENSMUSG00000051510	Hvul_g18364_1	69.0	S	0.0
Mmus_ENSMUSG00000051510	Gfas_gfas1.m1.16569.m1	69.0	S	0.0
Mmus_ENSMUSG00000051510	Morvir_scaffold85.g24.t1	69.0	S	0.0
Mmus_ENSMUSG00000051510	Nvec_v1g99714	69.0	S	0.0
Hsap_ENSG00000185022_MAFF	Xesp_002737	69.0	S	0.0
Hsap_ENSG00000185022_MAFF	Fspp_ffun1_m4_27128_m1	69.0	S	0.0
Hsap_ENSG00000185022_MAFF	Dgig_XP_028405040.1	69.0	S	0.0
Hsap_ENSG00000185022_MAFF	Exapal_XP_020903854.2	69.0	S	0.0
Hsap_ENSG00000185022_MAFF	Morvir_scaffold85.g19.t1	69.0	S	0.0
Hsap_ENSG00000185022_MAFF	Adig_XP_015761772.1	69.0	S	0.0
Hsap_ENSG00000185022_MAFF	Aaur_Seg2739_3	69.0	S	0.0
Hsap_ENSG00000185022_MAFF	Chem_TCONS_00073747_1	69.0	S	0.0
Hsap_ENSG00000185022_MAFF	Spis_XP_022809245_1	69.0	S	0.0
Hsap_ENSG00000185022_MAFF	Fspp_ffun1_m4_1909_m1	69.0	S	0.0
Hsap_ENSG00000185022_MAFF	Hvul_g18364_1	69.0	S	0.0
Hsap_ENSG00000185022_MAFF	Gfas_gfas1.m1.16569.m1	69.0	S	0.0
Hsap_ENSG00000185022_MAFF	Morvir_scaffold85.g24.t1	69.0	S	0.0
Hsap_ENSG00000185022_MAFF	Nvec_v1g99714	69.0	S	0.0
Pbac_sb2668191	Mlei_ML3055_g29_t1	100.0	S	0.0
Fspp_ffun1_m4_1651_m1	Gasp_gasp1.m3.12148.m1	100.0	S	0.0
Gfas_gfas1.m1.300.m1	Adig_XP_015769153.1	100.0	S	0.0
Gfas_gfas1.m1.306.m1	Fspp_ffun1_m4_1653_m1	85.0	S	0.0
Gfas_gfas1.m1.306.m1	Gasp_gasp1.m3.12144.m1	85.0	S	0.0
Gfas_gfas1.m1.306.m1	Fspp_ffun1_m4_1650_m1	85.0	S	0.0
Gfas_gfas1.m1.306.m1	Gasp_gasp1.m3.12147.m1	85.0	S	0.0
Gfas_gfas1.m1.306.m1	Spis_XP_022791093_1	85.0	S	0.0
Adig_XP_015769134.1	Fspp_ffun1_m4_1653_m1	85.0	S	0.0
Adig_XP_015769134.1	Gasp_gasp1.m3.12144.m1	85.0	S	0.0
Adig_XP_015769134.1	Fspp_ffun1_m4_1650_m1	85.0	S	0.0
Adig_XP_015769134.1	Gasp_gasp1.m3.12147.m1	85.0	S	0.0
Adig_XP_015769134.1	Spis_XP_022791093_1	85.0	S	0.0
Fspp_ffun1_m4_29137_m1	Gasp_gasp1.m3.15101.m1	99.0	S	0.0
Fspp_ffun1_m4_29137_m1	Spis_XP_022794205_1	99.0	S	0.0
Adig_XP_015777100.1	Gfas_gfas1.m1.19095.m1	99.0	S	0.0
Adig_XP_015777100.1	Gfas_gfas1.m1.19096.m1	99.0	S	0.0
Spis_XP_022791102_1	Fspp_ffun1_m4_1649_m1	100.0	S	0.0
Spis_XP_022791102_1	Gasp_gasp1.m3.12146.m1	100.0	S	0.0
Adig_XP_015769152.1	Gasp_gasp1.m3.12143.m1	100.0	S	0.0
Adig_XP_015769152.1	Spis_XP_022791098_1	100.0	S	0.0
Adig_XP_015769152.1	Gasp_gasp1.m3.8586.m1	100.0	S	0.0
Adig_XP_015769152.1	Fspp_ffun1_m4_1642_m1	100.0	S	0.0
Adig_XP_015769152.1	Gasp_gasp1.m3.12142.m1	100.0	S	0.0
Adig_XP_015769152.1	Fspp_ffun1_m4_1644_m1	100.0	S	0.0
Adig_XP_015769152.1	Fspp_ffun1_m4_1643_m1	100.0	S	0.0
Gfas_gfas1.m1.301.m1	Gasp_gasp1.m3.12143.m1	100.0	S	0.0
Gfas_gfas1.m1.301.m1	Spis_XP_022791098_1	100.0	S	0.0
Gfas_gfas1.m1.301.m1	Gasp_gasp1.m3.8586.m1	100.0	S	0.0
Gfas_gfas1.m1.301.m1	Fspp_ffun1_m4_1642_m1	100.0	S	0.0
Gfas_gfas1.m1.301.m1	Gasp_gasp1.m3.12142.m1	100.0	S	0.0
Gfas_gfas1.m1.301.m1	Fspp_ffun1_m4_1644_m1	100.0	S	0.0
Gfas_gfas1.m1.301.m1	Fspp_ffun1_m4_1643_m1	100.0	S	0.0
Morvir_scaffold205.g15.t1	Aaur_Seg2179_2	96.0	S	0.0
Ocar_g9504.t1	Emue_0018g91a	98.0	S	0.0
Ocar_g9504.t1	Aque_18822_001	98.0	S	0.0
Tadh_P52591	Hhon_g05306_t1	100.0	S	0.0
Nvec_v1g118896	Adig_XP_015773566.1	86.0	S	0.0
Nvec_v1g118896	Fspp_ffun1_m4_16723_m1	86.0	S	0.0
Nvec_v1g118896	Spis_XP_022794775_1	86.0	S	0.0
Nvec_v1g118896	Gasp_gasp1.m3.24072.m1	86.0	S	0.0
Nvec_v1g118896	Gfas_gfas1.m1.7764.m1	86.0	S	0.0
Exapal_XP_020904685.1	Adig_XP_015773566.1	86.0	S	0.0
Exapal_XP_020904685.1	Fspp_ffun1_m4_16723_m1	86.0	S	0.0
Exapal_XP_020904685.1	Spis_XP_022794775_1	86.0	S	0.0
Exapal_XP_020904685.1	Gasp_gasp1.m3.24072.m1	86.0	S	0.0
Exapal_XP_020904685.1	Gfas_gfas1.m1.7764.m1	86.0	S	0.0
Tcas_XP_969910.2	Dmel_FBpp0302925_tj	100.0	S	0.0
Spur_XP_003724179.1	Mmus_ENSMUSG00000040632	98.0	S	0.0
Spur_XP_003724179.1	Mmus_ENSMUSG00000055435	98.0	S	0.0
Spur_XP_003724179.1	Hsap_ENSG00000285493_NRL	98.0	S	0.0
Spur_XP_003724179.1	Hsap_ENSG00000204103_MAFB	98.0	S	0.0
Spur_XP_003724179.1	Mmus_ENSMUSG00000074622	98.0	S	0.0
Spur_XP_003724179.1	Hsap_ENSG00000129535_NRL	98.0	S	0.0
Spur_XP_003724179.1	Bflo_269081	98.0	S	0.0
Spur_XP_003724179.1	Mmus_ENSMUSG00000047591	98.0	S	0.0
Spur_XP_003724179.1	Skow_NP_001164706_1	98.0	S	0.0
Spur_XP_003724179.1	Hsap_ENSG00000182759_MAFA	98.0	S	0.0
Spur_XP_003724179.1	Hsap_ENSG00000178573_MAF	98.0	S	0.0
Hhon_g05307_t1	Tadh_P52592	100.0	S	0.0
Cgig_EKC36134	Mmus_ENSMUSG00000018143	74.0	S	0.0
Cgig_EKC36134	Hsap_ENSG00000198517_MAFK	74.0	S	0.0
Cgig_EKC36134	Hsap_ENSG00000197063_MAFG	74.0	S	0.0
Cgig_EKC36134	Bflo_88200	74.0	S	0.0
Cgig_EKC36134	Mmus_ENSMUSG00000042622	74.0	S	0.0
Cgig_EKC36134	Mmus_ENSMUSG00000051510	74.0	S	0.0
Cgig_EKC36134	Hsap_ENSG00000185022_MAFF	74.0	S	0.0
Skow_XP_002732304_1	Mmus_ENSMUSG00000018143	74.0	S	0.0
Skow_XP_002732304_1	Hsap_ENSG00000198517_MAFK	74.0	S	0.0
Skow_XP_002732304_1	Hsap_ENSG00000197063_MAFG	74.0	S	0.0
Skow_XP_002732304_1	Bflo_88200	74.0	S	0.0
Skow_XP_002732304_1	Mmus_ENSMUSG00000042622	74.0	S	0.0
Skow_XP_002732304_1	Mmus_ENSMUSG00000051510	74.0	S	0.0
Skow_XP_002732304_1	Hsap_ENSG00000185022_MAFF	74.0	S	0.0
Tcas_XP_001807559.1	Mmus_ENSMUSG00000018143	74.0	S	0.0
Tcas_XP_001807559.1	Hsap_ENSG00000198517_MAFK	74.0	S	0.0
Tcas_XP_001807559.1	Hsap_ENSG00000197063_MAFG	74.0	S	0.0
Tcas_XP_001807559.1	Bflo_88200	74.0	S	0.0
Tcas_XP_001807559.1	Mmus_ENSMUSG00000042622	74.0	S	0.0
Tcas_XP_001807559.1	Mmus_ENSMUSG00000051510	74.0	S	0.0
Tcas_XP_001807559.1	Hsap_ENSG00000185022_MAFF	74.0	S	0.0
Spur_XP_001184118.3	Mmus_ENSMUSG00000018143	74.0	S	0.0
Spur_XP_001184118.3	Hsap_ENSG00000198517_MAFK	74.0	S	0.0
Spur_XP_001184118.3	Hsap_ENSG00000197063_MAFG	74.0	S	0.0
Spur_XP_001184118.3	Bflo_88200	74.0	S	0.0
Spur_XP_001184118.3	Mmus_ENSMUSG00000042622	74.0	S	0.0
Spur_XP_001184118.3	Mmus_ENSMUSG00000051510	74.0	S	0.0
Spur_XP_001184118.3	Hsap_ENSG00000185022_MAFF	74.0	S	0.0
Ctel_CapteP148890	Mmus_ENSMUSG00000018143	74.0	S	0.0
Ctel_CapteP148890	Hsap_ENSG00000198517_MAFK	74.0	S	0.0
Ctel_CapteP148890	Hsap_ENSG00000197063_MAFG	74.0	S	0.0
Ctel_CapteP148890	Bflo_88200	74.0	S	0.0
Ctel_CapteP148890	Mmus_ENSMUSG00000042622	74.0	S	0.0
Ctel_CapteP148890	Mmus_ENSMUSG00000051510	74.0	S	0.0
Ctel_CapteP148890	Hsap_ENSG00000185022_MAFF	74.0	S	0.0
Dmel_FBpp0309590_maf-S	Mmus_ENSMUSG00000018143	74.0	S	0.0
Dmel_FBpp0309590_maf-S	Hsap_ENSG00000198517_MAFK	74.0	S	0.0
Dmel_FBpp0309590_maf-S	Hsap_ENSG00000197063_MAFG	74.0	S	0.0
Dmel_FBpp0309590_maf-S	Bflo_88200	74.0	S	0.0
Dmel_FBpp0309590_maf-S	Mmus_ENSMUSG00000042622	74.0	S	0.0
Dmel_FBpp0309590_maf-S	Mmus_ENSMUSG00000051510	74.0	S	0.0
Dmel_FBpp0309590_maf-S	Hsap_ENSG00000185022_MAFF	74.0	S	0.0
Hmia_HMIM020015_PA	Mmus_ENSMUSG00000018143	74.0	S	0.0
Hmia_HMIM020015_PA	Hsap_ENSG00000198517_MAFK	74.0	S	0.0
Hmia_HMIM020015_PA	Hsap_ENSG00000197063_MAFG	74.0	S	0.0
Hmia_HMIM020015_PA	Bflo_88200	74.0	S	0.0
Hmia_HMIM020015_PA	Mmus_ENSMUSG00000042622	74.0	S	0.0
Hmia_HMIM020015_PA	Mmus_ENSMUSG00000051510	74.0	S	0.0
Hmia_HMIM020015_PA	Hsap_ENSG00000185022_MAFF	74.0	S	0.0
Xesp_002737	Fspp_ffun1_m4_27128_m1	92.0	S	0.0
Xesp_002737	Exapal_XP_020903854.2	92.0	S	0.0
Xesp_002737	Morvir_scaffold85.g19.t1	92.0	S	0.0
Xesp_002737	Adig_XP_015761772.1	92.0	S	0.0
Xesp_002737	Aaur_Seg2739_3	92.0	S	0.0
Xesp_002737	Chem_TCONS_00073747_1	92.0	S	0.0
Xesp_002737	Spis_XP_022809245_1	92.0	S	0.0
Xesp_002737	Fspp_ffun1_m4_1909_m1	92.0	S	0.0
Xesp_002737	Hvul_g18364_1	92.0	S	0.0
Xesp_002737	Gfas_gfas1.m1.16569.m1	92.0	S	0.0
Xesp_002737	Morvir_scaffold85.g24.t1	92.0	S	0.0
Xesp_002737	Nvec_v1g99714	92.0	S	0.0
Dgig_XP_028405040.1	Fspp_ffun1_m4_27128_m1	92.0	S	0.0
Dgig_XP_028405040.1	Exapal_XP_020903854.2	92.0	S	0.0
Dgig_XP_028405040.1	Morvir_scaffold85.g19.t1	92.0	S	0.0
Dgig_XP_028405040.1	Adig_XP_015761772.1	92.0	S	0.0
Dgig_XP_028405040.1	Aaur_Seg2739_3	92.0	S	0.0
Dgig_XP_028405040.1	Chem_TCONS_00073747_1	92.0	S	0.0
Dgig_XP_028405040.1	Spis_XP_022809245_1	92.0	S	0.0
Dgig_XP_028405040.1	Fspp_ffun1_m4_1909_m1	92.0	S	0.0
Dgig_XP_028405040.1	Hvul_g18364_1	92.0	S	0.0
Dgig_XP_028405040.1	Gfas_gfas1.m1.16569.m1	92.0	S	0.0
Dgig_XP_028405040.1	Morvir_scaffold85.g24.t1	92.0	S	0.0
Dgig_XP_028405040.1	Nvec_v1g99714	92.0	S	0.0
Gfas_gfas1.m1.306.m1	Adig_XP_015769134.1	100.0	S	0.0
Gasp_gasp1.m3.15101.m1	Spis_XP_022794205_1	51.0	S	0.0
Gasp_gasp1.m3.12146.m1	Fspp_ffun1_m4_1649_m1	100.0	S	0.0
Gfas_gfas1.m1.301.m1	Adig_XP_015769152.1	100.0	S	0.0
Gasp_gasp1.m3.12143.m1	Fspp_ffun1_m4_1642_m1	100.0	S	0.0
Gasp_gasp1.m3.12143.m1	Fspp_ffun1_m4_1643_m1	100.0	S	0.0
Gasp_gasp1.m3.12143.m1	Fspp_ffun1_m4_1644_m1	100.0	S	0.0
Gasp_gasp1.m3.12143.m1	Spis_XP_022791098_1	100.0	S	0.0
Gasp_gasp1.m3.12142.m1	Fspp_ffun1_m4_1642_m1	100.0	S	0.0
Gasp_gasp1.m3.12142.m1	Fspp_ffun1_m4_1643_m1	100.0	S	0.0
Gasp_gasp1.m3.12142.m1	Fspp_ffun1_m4_1644_m1	100.0	S	0.0
Gasp_gasp1.m3.12142.m1	Spis_XP_022791098_1	100.0	S	0.0
Gasp_gasp1.m3.8586.m1	Fspp_ffun1_m4_1642_m1	100.0	S	0.0
Gasp_gasp1.m3.8586.m1	Fspp_ffun1_m4_1643_m1	100.0	S	0.0
Gasp_gasp1.m3.8586.m1	Fspp_ffun1_m4_1644_m1	100.0	S	0.0
Gasp_gasp1.m3.8586.m1	Spis_XP_022791098_1	100.0	S	0.0
Emue_0018g91a	Aque_18822_001	100.0	S	0.0
Dgig_XP_028410891.1	Xesp_022606	100.0	S	0.0
Dgig_XP_028410891.1	Xesp_003756	100.0	S	0.0
Dgig_XP_028410113.1	Xesp_022647	100.0	S	0.0
Dgig_XP_028410113.1	Xesp_005274	100.0	S	0.0
Dgig_XP_028394891.1	Xesp_022647	100.0	S	0.0
Dgig_XP_028394891.1	Xesp_005274	100.0	S	0.0
Nvec_v1g118896	Exapal_XP_020904685.1	97.0	S	0.0
Adig_XP_015773566.1	Spis_XP_022794775_1	100.0	S	0.0
Adig_XP_015773566.1	Gfas_gfas1.m1.7764.m1	100.0	S	0.0
Adig_XP_015773566.1	Fspp_ffun1_m4_16723_m1	100.0	S	0.0
Adig_XP_015773566.1	Gasp_gasp1.m3.24072.m1	100.0	S	0.0
Skow_NP_001164706_1	Mmus_ENSMUSG00000040632	91.0	S	0.0
Skow_NP_001164706_1	Mmus_ENSMUSG00000055435	91.0	S	0.0
Skow_NP_001164706_1	Hsap_ENSG00000285493_NRL	91.0	S	0.0
Skow_NP_001164706_1	Hsap_ENSG00000204103_MAFB	91.0	S	0.0
Skow_NP_001164706_1	Mmus_ENSMUSG00000074622	91.0	S	0.0
Skow_NP_001164706_1	Hsap_ENSG00000129535_NRL	91.0	S	0.0
Skow_NP_001164706_1	Bflo_269081	91.0	S	0.0
Skow_NP_001164706_1	Mmus_ENSMUSG00000047591	91.0	S	0.0
Skow_NP_001164706_1	Hsap_ENSG00000182759_MAFA	91.0	S	0.0
Skow_NP_001164706_1	Hsap_ENSG00000178573_MAF	91.0	S	0.0
Skow_XP_002732304_1	Cgig_EKC36134	31.0	S	0.0
Skow_XP_002732304_1	Tcas_XP_001807559.1	31.0	S	0.0
Skow_XP_002732304_1	Ctel_CapteP148890	31.0	S	0.0
Skow_XP_002732304_1	Dmel_FBpp0309590_maf-S	31.0	S	0.0
Skow_XP_002732304_1	Hmia_HMIM020015_PA	31.0	S	0.0
Spur_XP_001184118.3	Cgig_EKC36134	31.0	S	0.0
Spur_XP_001184118.3	Tcas_XP_001807559.1	31.0	S	0.0
Spur_XP_001184118.3	Ctel_CapteP148890	31.0	S	0.0
Spur_XP_001184118.3	Dmel_FBpp0309590_maf-S	31.0	S	0.0
Spur_XP_001184118.3	Hmia_HMIM020015_PA	31.0	S	0.0
Bflo_88200	Mmus_ENSMUSG00000018143	99.0	S	0.0
Bflo_88200	Hsap_ENSG00000198517_MAFK	99.0	S	0.0
Bflo_88200	Hsap_ENSG00000197063_MAFG	99.0	S	0.0
Bflo_88200	Mmus_ENSMUSG00000042622	99.0	S	0.0
Bflo_88200	Mmus_ENSMUSG00000051510	99.0	S	0.0
Bflo_88200	Hsap_ENSG00000185022_MAFF	99.0	S	0.0
Dgig_XP_028405040.1	Xesp_002737	100.0	S	0.0
Morvir_scaffold85.g19.t1	Fspp_ffun1_m4_27128_m1	67.0	S	0.0
Morvir_scaffold85.g19.t1	Adig_XP_015761772.1	67.0	S	0.0
Morvir_scaffold85.g19.t1	Gfas_gfas1.m1.16569.m1	67.0	S	0.0
Morvir_scaffold85.g19.t1	Spis_XP_022809245_1	67.0	S	0.0
Morvir_scaffold85.g19.t1	Fspp_ffun1_m4_1909_m1	67.0	S	0.0
Morvir_scaffold85.g19.t1	Exapal_XP_020903854.2	67.0	S	0.0
Morvir_scaffold85.g19.t1	Nvec_v1g99714	67.0	S	0.0
Aaur_Seg2739_3	Fspp_ffun1_m4_27128_m1	67.0	S	0.0
Aaur_Seg2739_3	Adig_XP_015761772.1	67.0	S	0.0
Aaur_Seg2739_3	Gfas_gfas1.m1.16569.m1	67.0	S	0.0
Aaur_Seg2739_3	Spis_XP_022809245_1	67.0	S	0.0
Aaur_Seg2739_3	Fspp_ffun1_m4_1909_m1	67.0	S	0.0
Aaur_Seg2739_3	Exapal_XP_020903854.2	67.0	S	0.0
Aaur_Seg2739_3	Nvec_v1g99714	67.0	S	0.0
Chem_TCONS_00073747_1	Fspp_ffun1_m4_27128_m1	67.0	S	0.0
Chem_TCONS_00073747_1	Adig_XP_015761772.1	67.0	S	0.0
Chem_TCONS_00073747_1	Gfas_gfas1.m1.16569.m1	67.0	S	0.0
Chem_TCONS_00073747_1	Spis_XP_022809245_1	67.0	S	0.0
Chem_TCONS_00073747_1	Fspp_ffun1_m4_1909_m1	67.0	S	0.0
Chem_TCONS_00073747_1	Exapal_XP_020903854.2	67.0	S	0.0
Chem_TCONS_00073747_1	Nvec_v1g99714	67.0	S	0.0
Hvul_g18364_1	Fspp_ffun1_m4_27128_m1	67.0	S	0.0
Hvul_g18364_1	Adig_XP_015761772.1	67.0	S	0.0
Hvul_g18364_1	Gfas_gfas1.m1.16569.m1	67.0	S	0.0
Hvul_g18364_1	Spis_XP_022809245_1	67.0	S	0.0
Hvul_g18364_1	Fspp_ffun1_m4_1909_m1	67.0	S	0.0
Hvul_g18364_1	Exapal_XP_020903854.2	67.0	S	0.0
Hvul_g18364_1	Nvec_v1g99714	67.0	S	0.0
Morvir_scaffold85.g24.t1	Fspp_ffun1_m4_27128_m1	67.0	S	0.0
Morvir_scaffold85.g24.t1	Adig_XP_015761772.1	67.0	S	0.0
Morvir_scaffold85.g24.t1	Gfas_gfas1.m1.16569.m1	67.0	S	0.0
Morvir_scaffold85.g24.t1	Spis_XP_022809245_1	67.0	S	0.0
Morvir_scaffold85.g24.t1	Fspp_ffun1_m4_1909_m1	67.0	S	0.0
Morvir_scaffold85.g24.t1	Exapal_XP_020903854.2	67.0	S	0.0
Morvir_scaffold85.g24.t1	Nvec_v1g99714	67.0	S	0.0
Fspp_ffun1_m4_1650_m1	Gasp_gasp1.m3.12147.m1	100.0	S	0.0
Gasp_gasp1.m3.12144.m1	Fspp_ffun1_m4_1653_m1	97.0	S	0.0
Gasp_gasp1.m3.12144.m1	Spis_XP_022791093_1	97.0	S	0.0
Spis_XP_022791098_1	Fspp_ffun1_m4_1642_m1	80.0	S	0.0
Spis_XP_022791098_1	Fspp_ffun1_m4_1643_m1	80.0	S	0.0
Spis_XP_022791098_1	Fspp_ffun1_m4_1644_m1	80.0	S	0.0
Gfas_gfas1.m1.7764.m1	Spis_XP_022794775_1	79.0	S	0.0
Gfas_gfas1.m1.7764.m1	Fspp_ffun1_m4_16723_m1	79.0	S	0.0
Gfas_gfas1.m1.7764.m1	Gasp_gasp1.m3.24072.m1	79.0	S	0.0
Bflo_269081	Mmus_ENSMUSG00000040632	99.0	S	0.0
Bflo_269081	Mmus_ENSMUSG00000055435	99.0	S	0.0
Bflo_269081	Hsap_ENSG00000285493_NRL	99.0	S	0.0
Bflo_269081	Hsap_ENSG00000204103_MAFB	99.0	S	0.0
Bflo_269081	Mmus_ENSMUSG00000074622	99.0	S	0.0
Bflo_269081	Hsap_ENSG00000129535_NRL	99.0	S	0.0
Bflo_269081	Mmus_ENSMUSG00000047591	99.0	S	0.0
Bflo_269081	Hsap_ENSG00000182759_MAFA	99.0	S	0.0
Bflo_269081	Hsap_ENSG00000178573_MAF	99.0	S	0.0
Skow_XP_002732304_1	Spur_XP_001184118.3	99.0	S	0.0
Cgig_EKC36134	Tcas_XP_001807559.1	59.0	S	0.0
Cgig_EKC36134	Dmel_FBpp0309590_maf-S	59.0	S	0.0
Cgig_EKC36134	Hmia_HMIM020015_PA	59.0	S	0.0
Ctel_CapteP148890	Tcas_XP_001807559.1	59.0	S	0.0
Ctel_CapteP148890	Dmel_FBpp0309590_maf-S	59.0	S	0.0
Ctel_CapteP148890	Hmia_HMIM020015_PA	59.0	S	0.0
Chem_TCONS_00073747_1	Morvir_scaffold85.g19.t1	100.0	S	0.0
Chem_TCONS_00073747_1	Morvir_scaffold85.g24.t1	100.0	S	0.0
Chem_TCONS_00073747_1	Hvul_g18364_1	100.0	S	0.0
Aaur_Seg2739_3	Morvir_scaffold85.g19.t1	100.0	S	0.0
Aaur_Seg2739_3	Morvir_scaffold85.g24.t1	100.0	S	0.0
Aaur_Seg2739_3	Hvul_g18364_1	100.0	S	0.0
Nvec_v1g99714	Fspp_ffun1_m4_27128_m1	96.0	S	0.0
Nvec_v1g99714	Adig_XP_015761772.1	96.0	S	0.0
Nvec_v1g99714	Spis_XP_022809245_1	96.0	S	0.0
Nvec_v1g99714	Fspp_ffun1_m4_1909_m1	96.0	S	0.0
Nvec_v1g99714	Gfas_gfas1.m1.16569.m1	96.0	S	0.0
Exapal_XP_020903854.2	Fspp_ffun1_m4_27128_m1	96.0	S	0.0
Exapal_XP_020903854.2	Adig_XP_015761772.1	96.0	S	0.0
Exapal_XP_020903854.2	Spis_XP_022809245_1	96.0	S	0.0
Exapal_XP_020903854.2	Fspp_ffun1_m4_1909_m1	96.0	S	0.0
Exapal_XP_020903854.2	Gfas_gfas1.m1.16569.m1	96.0	S	0.0
Spis_XP_022791093_1	Fspp_ffun1_m4_1653_m1	97.0	S	0.0
Spis_XP_022794775_1	Fspp_ffun1_m4_16723_m1	100.0	S	0.0
Spis_XP_022794775_1	Gasp_gasp1.m3.24072.m1	100.0	S	0.0
Cgig_EKC36134	Ctel_CapteP148890	68.0	S	0.0
Hmia_HMIM020015_PA	Tcas_XP_001807559.1	43.0	S	0.0
Hmia_HMIM020015_PA	Dmel_FBpp0309590_maf-S	43.0	S	0.0
Mmus_ENSMUSG00000042622	Hsap_ENSG00000185022_MAFF	100.0	S	0.0
Aaur_Seg2739_3	Chem_TCONS_00073747_1	96.0	S	0.0
Hvul_g18364_1	Morvir_scaffold85.g19.t1	96.0	S	0.0
Hvul_g18364_1	Morvir_scaffold85.g24.t1	96.0	S	0.0
Nvec_v1g99714	Exapal_XP_020903854.2	100.0	S	0.0
Gfas_gfas1.m1.16569.m1	Spis_XP_022809245_1	85.0	S	0.0
Gfas_gfas1.m1.16569.m1	Fspp_ffun1_m4_1909_m1	85.0	S	0.0
Gfas_gfas1.m1.16569.m1	Adig_XP_015761772.1	85.0	S	0.0
Gfas_gfas1.m1.16569.m1	Fspp_ffun1_m4_27128_m1	85.0	S	0.0
Fspp_ffun1_m4_16723_m1	Gasp_gasp1.m3.24072.m1	100.0	S	0.0
Mmus_ENSMUSG00000055435	Hsap_ENSG00000178573_MAF	100.0	S	0.0
Dmel_FBpp0309590_maf-S	Tcas_XP_001807559.1	100.0	S	0.0
Hsap_ENSG00000197063_MAFG	Mmus_ENSMUSG00000051510	100.0	S	0.0
Hsap_ENSG00000198517_MAFK	Mmus_ENSMUSG00000018143	100.0	S	0.0
Adig_XP_015761772.1	Spis_XP_022809245_1	72.0	S	0.0
Adig_XP_015761772.1	Fspp_ffun1_m4_27128_m1	72.0	S	0.0
Adig_XP_015761772.1	Fspp_ffun1_m4_1909_m1	72.0	S	0.0
Hsap_ENSG00000182759_MAFA	Mmus_ENSMUSG00000047591	100.0	S	0.0
Spis_XP_022809245_1	Fspp_ffun1_m4_27128_m1	99.0	S	0.0
Spis_XP_022809245_1	Fspp_ffun1_m4_1909_m1	99.0	S	0.0
Hsap_ENSG00000204103_MAFB	Mmus_ENSMUSG00000074622	100.0	S	0.0
Mmus_ENSMUSG00000040632	Hsap_ENSG00000129535_NRL	100.0	S	0.0
Mmus_ENSMUSG00000040632	Hsap_ENSG00000285493_NRL	100.0	S	0.0
